id;nome;descricao;valor;dt_vcto;dt_pgto;jhi_user
1;Program Loan;Granite parsing synthesizing;63752;2022-07-13;2022-07-13;FADIA
2;Baby Soft Executive;ivory Cambridgeshire;8664;2022-07-13;2022-07-12;WESLEY
3;Iran Consultant;Comoros;25910;2022-07-13;2022-07-13;FADIA
4;Legacy archive;Cambodia Function-based SMS;1120;2022-07-13;2022-07-13;WESLEY
5;Louisiana Moroccan Shirt;blue;1535;2022-07-13;2022-07-13;CASAL
6;Garden time-frame Dong;Arizona;30190;2022-07-13;2022-07-12;CASAL
7;Handcrafted Optimization;FTP Sports Borders;95563;2022-07-13;2022-07-13;CASAL
8;backing AGP;lavender;707;2022-07-13;2022-07-13;WESLEY
9;Architect Intranet incremental;Senior aggregate;6852;2022-07-13;2022-07-13;FADIA
10;Tasty;deposit;79249;2022-07-13;2022-07-13;FADIA
